Name,Email,Role,Project,Skills
TOK_1BCA326B,EMAIL_ED3B5251,,Not Assigned,Python (beginner); Java (beginner)
TOK_4BDB2ACA,EMAIL_79D4C5C0,Head of Delivery,Delivery,Splunk (expert); Openshift (intermediate); Lucid Chart  (expert); Microsoft SQL Server (expert); Kubernetes (expert); Confluence (expert); Python (intermediate); Problem-solving and analytical thinking (expert); Terraform (expert); Ansible (expert); Backlog management  (expert); Stake Holder management (expert); Docker (expert); GitLab (intermediate); Jenkins (expert); Git (expert); Unix (intermediate); Project Manager (intermediate); SQL (expert); Shell Scripting (intermediate); Helm charts (intermediate); GitHub Actions (expert); AWS (intermediate); Docker Swarm (intermediate); Helm (expert); Java (expert); GCP (expert); JFrog Artifactory (expert); Network Security (intermediate); JIRA  (intermediate); PostgreSQL (expert)
TOK_E0559447,EMAIL_06B72F31,Developer,App Migration,PHP (beginner); C# (beginner); PostgreSQL (intermediate); Python (beginner); Docker (beginner); Git (intermediate); AWS (beginner); SQL (beginner); GCP (beginner); Java (beginner)
TOK_D6178AF3,EMAIL_2A8D409B,Developer,DNB - UKI GCP MIGRATION ,C# (beginner); Problem-solving and analytical thinking (intermediate); JIRA  (intermediate); Data Analysis using AWS and GCP (beginner); Requirement gathering  (beginner); Azure DevOps (beginner); Lucid Chart  (beginner); Confluence (intermediate); Angular  (intermediate); Git (intermediate); GCP (intermediate); Python (beginner); AWS (intermediate); TypeScript (beginner); Scala (beginner); Terraform (beginner); JavaScript (beginner); Microsoft SQL Server (beginner); SQL (beginner); Java (intermediate)
TOK_989850A4,EMAIL_6CB07EFF,Associate,DNB - Worldbase,Problem-solving and analytical thinking (intermediate); Java (expert); PostgreSQL (intermediate); GCP (intermediate)
TOK_40F6AA6F,EMAIL_3C49FB01,Web Developer,DnB,PHP (expert); GCP (beginner); JavaScript (intermediate); Microsoft SQL Server (intermediate); Docker (beginner); Git (intermediate)
TOK_67947360,EMAIL_DDD58DD1,Developer,UKI,GCP (intermediate); TypeScript (beginner); Angular  (beginner); JavaScript (beginner); AWS (beginner); Git (beginner); SQL (beginner); Java (intermediate)
TOK_52E04E74,EMAIL_306738B2,Data Enginner,DNB and Stoxx,Terraform (beginner); Docker (beginner); GCP (intermediate); PostgreSQL (beginner); Microsoft SQL Server (beginner); Git (intermediate); Scala (beginner); SQL (intermediate); Python (intermediate)
TOK_753A2112,EMAIL_7C196481,DevOps Engineer,Alix,Linux (expert)
TOK_F1D4850C,EMAIL_19D76351,Senior DevOps Engineer,Not Assigned,AWS CloudFormation (intermediate); Argo CD (intermediate); Azure DevOps (intermediate); GitHub Actions (expert); Datadog (beginner); Harness (beginner); GitOps (intermediate); JFrog Artifactory (expert); Jenkins (intermediate); Helm (intermediate); Helm charts (intermediate); SonarQube (intermediate); Angular  (intermediate); Docker (expert); Kubernetes (intermediate); JavaScript (intermediate); Microsoft SQL Server (beginner); Git (expert); Python (intermediate); GCP (intermediate); C# (intermediate); Terraform (expert); AWS (intermediate); Problem-solving and analytical thinking (intermediate)
TOK_836B2CA7,EMAIL_39CA589C,DevOps Engineer,Not Assigned,GCP (intermediate); Git (intermediate); Argo CD (beginner); Ansible (intermediate); AWS (intermediate); Helm (intermediate); Kubernetes (expert); GitOps (intermediate); PostgreSQL (beginner); GitHub Actions (intermediate); Unix (expert); JFrog Artifactory (intermediate); Jenkins (intermediate); Python (beginner); Splunk (beginner); Docker (expert); Helm charts (intermediate); Harness (intermediate); Terraform (intermediate); Shell Scripting (expert)
TOK_350ABCD0,EMAIL_D07DF9C4,QUALITY ENGINEERING,DNB,ETL Testing (expert)
TOK_958B4E1C,EMAIL_E06974B9,Devops Engineer,Dun & Bradstreet,Git (intermediate); Docker (intermediate); GCP (intermediate); Java (beginner); PostgreSQL (intermediate); Problem-solving and analytical thinking (intermediate); Terraform (intermediate)
TOK_C681CA3C,EMAIL_4496E195,DevOps Engineer,Not Assigned,Ansible (expert); Unix (expert); Kubernetes (intermediate); GitHub Actions (intermediate); Harness (beginner); Jenkins (expert); Puppet (intermediate); Splunk (intermediate); Shell Scripting (expert); SonarQube (intermediate); Git (expert); Problem-solving and analytical thinking (expert); Terraform (expert); GCP (expert); Docker (expert); Python (intermediate)
TOK_2A10C284,EMAIL_4689705C,Associate Principal [DevOps],Point 72,AWS (intermediate); Network Security (beginner); Stake Holder management (intermediate); Backlog management  (intermediate); Requirement gathering  (intermediate); Helm (expert); IBM Urban Code Deploy (uDeploy) (expert); U Deploy (expert); Helm charts (expert); Kubernetes (expert); Docker (expert); IBM MQ (expert); Kafka (expert); Looker Studio (expert); SaltStack (intermediate); GitHub Actions (expert); GitOps (intermediate); Harness (intermediate); Jenkins (intermediate); TeamCity (intermediate); GitLab (intermediate); AppDynamics (intermediate); Problem-solving and analytical thinking (expert); SonarQube (intermediate); Git Lab (intermediate); Unix (expert); Shell Scripting (expert); Openshift (intermediate); JFrog Artifactory (intermediate); Autosys (intermediate); Confluence (expert); Splunk (intermediate); JIRA  (expert); Team City (intermediate); GitLab CI (intermediate); Ansible (intermediate); GCP (expert); Microsoft SQL Server (intermediate); SQL (intermediate); Python (intermediate); PostgreSQL (intermediate); Git (expert); Terraform (expert)
TOK_EE1F7659,EMAIL_5348EE97,Tester,Compliance Check,Selenium (intermediate); ETL Testing (beginner); GCP (intermediate); SQL (intermediate); Git (expert); Terraform (intermediate); Problem-solving and analytical thinking (intermediate); Java (intermediate); Python (intermediate)
TOK_D6A6BB4E,EMAIL_A126C511,Associate Principal,DNB,Appium (expert); Java (intermediate); GCP (intermediate); PostgreSQL (intermediate); Git (intermediate); Penetration Testing (beginner); Microsoft SQL Server (intermediate); Problem-solving and analytical thinking (beginner); Selenium (expert); SQL (beginner); Python (intermediate)
TOK_492C0BA6,EMAIL_74EC7EAB,Business Analyst,DAP,
TOK_95CD2F4E,EMAIL_7820AAA2,Scrum Master,DnB,
TOK_537B807B,EMAIL_487AF2A6,,Not Assigned,
TOK_347FF4EF,EMAIL_432090ED,,Not Assigned,ETL Testing (beginner); GCP (beginner); Python (beginner); SQL (beginner)
TOK_272EED50,EMAIL_9D36A332,Java Developer,Finastra,JIRA  (expert); Angular  (beginner); KeyClock (beginner); SQL (beginner); Java (beginner)
